no,type,oc_dt,oc_addr,oc_p1,oc_p2,oc_p3,proc_no,kind,weight_g
編號,案類,發生日期,發生地點,發生場所一,發生場所二,發生場所三,嫌疑犯人數,毒品品項,數量（淨重）_克
1,毒品,1110119,臺南市安南區,公路(省、縣、鄉、鎮道,    ,    ,1,安非他命,0
2,毒品,1110131,新北市鶯歌區,公寓(三至五層建築物),    ,    ,1,甲基安非他命,0.25
3,毒品,1110103,新北市鶯歌區,公路(省、縣、鄉、鎮道,    ,    ,1,甲基安非他命,0
4,毒品,1110110,基隆市暖暖區,公寓(三至五層建築物),    ,    ,3,嗎啡,0
4,毒品,1110110,基隆市暖暖區,公寓(三至五層建築物),    ,    ,3,安非他命,0
5,毒品,1110202,新北市板橋區,公路(省、縣、鄉、鎮道,    ,    ,1,海洛因,2.4
6,毒品,1110201,新北市板橋區,公寓(三至五層建築物),    ,    ,1,甲基安非他命,4.61
7,毒品,1110110,桃園市八德區,普通住宅(一、二層樓),    ,    ,1,安非他命,0
8,毒品,1110219,桃園市八德區,汽車旅館,    ,    ,1,安非他命,0
9,毒品,1110104,花蓮縣秀林鄉,河(中)海(堤)邊,    ,    ,1,安非他命,0
10,毒品,1110131,花蓮縣新城鄉,公路(省、縣、鄉、鎮道,    ,    ,1,安非他命,0.32
11,毒品,1110228,臺北市信義區,公路(省、縣、鄉、鎮道,    ,    ,1,大麻（大麻花及大麻葉）,1.4
12,毒品,1110219,臺中市大里區,公路(省、縣、鄉、鎮道,    ,    ,1,安非他命,1.25
13,毒品,1110210,屏東縣潮州鎮,普通住宅(一、二層樓),    ,    ,1,甲基安非他命,2.08
14,毒品,1110210,桃園市中壢區,公路(省、縣、鄉、鎮道,    ,    ,1,大麻（大麻花及大麻葉）,23
14,毒品,1110210,桃園市中壢區,公路(省、縣、鄉、鎮道,    ,    ,1,甲基安非他命,287
15,毒品,1110205,臺南市東區,公路(省、縣、鄉、鎮道,    ,    ,1,海洛因,7.2
15,毒品,1110205,臺南市東區,公路(省、縣、鄉、鎮道,    ,    ,1,安非他命,1.72
16,毒品,1110209,屏東縣內埔鄉,家畜(牛羊豬雞鴨等)寮,    ,大廳,1,海洛因,33.92
17,毒品,1110101,臺北市中正區,公路(省、縣、鄉、鎮道,    ,    ,1,安非他命,0
18,毒品,1110209,臺中市北屯區,公路(省、縣、鄉、鎮道,    ,    ,1,甲基安非他命,9.45
19,毒品,1110222,臺北市萬華區,公路(省、縣、鄉、鎮道,    ,    ,1,"MDMA（快樂丸、搖頭丸、3,4-亞甲基雙氧甲基安非他命）",3.86
20,毒品,1110204,臺中市北區,公路(省、縣、鄉、鎮道,    ,    ,1,鴉片(阿片),0
20,毒品,1110204,臺中市北區,公路(省、縣、鄉、鎮道,    ,    ,1,安非他命,0
21,毒品,1110221,屏東縣屏東市,公路(省、縣、鄉、鎮道,    ,巷口(路口),1,海洛因,0
21,毒品,1110221,屏東縣屏東市,公路(省、縣、鄉、鎮道,    ,巷口(路口),1,安非他命,0
22,毒品,1110207,彰化縣田中鎮,公路(省、縣、鄉、鎮道,    ,    ,1,安非他命,0.45
23,毒品,1110120,臺中市大安區,普通住宅(一、二層樓),    ,    ,1,安非他命,0
24,毒品,1110128,臺中市大甲區,普通住宅(一、二層樓),    ,    ,1,海洛因,0
25,毒品,1110213,臺北市松山區,公路(省、縣、鄉、鎮道,    ,    ,1,安非他命,0.23
25,毒品,1110213,臺北市松山區,公路(省、縣、鄉、鎮道,    ,    ,1,安非他命,0.32
26,毒品,1110218,臺中市東區,大廈(六層以上建築物),    ,    ,1,安非他命,5.76
27,毒品,1110222,臺中市東區,普通住宅(一、二層樓),    ,    ,1,海洛因,0.36
27,毒品,1110222,臺中市東區,普通住宅(一、二層樓),    ,    ,1,安非他命,0.88
28,毒品,1110215,雲林縣斗六市,公路(省、縣、鄉、鎮道,    ,    ,1,安非他命,0.25
29,毒品,1110118,雲林縣斗六市,旅社飯店客棧,    ,    ,2,海洛因,375
29,毒品,1110118,雲林縣斗六市,旅社飯店客棧,    ,    ,2,安非他命,1025
30,毒品,1110106,高雄市苓雅區,普通住宅(一、二層樓),    ,    ,1,海洛因,0
31,毒品,1110212,新北市土城區,公路(省、縣、鄉、鎮道,    ,街道馬路,1,安非他命,0.68
32,毒品,1110116,新北市中和區,公路(省、縣、鄉、鎮道,    ,    ,1,大麻（大麻花及大麻葉）,8.91
33,毒品,1110201,宜蘭縣宜蘭市,普通住宅(一、二層樓),    ,    ,1,安非他命,0
34,毒品,1110121,宜蘭縣員山鄉,普通住宅(一、二層樓),    ,    ,1,安非他命,0
35,毒品,1110131,新北市新莊區,出租公寓（套房）,    ,    ,1,甲基安非他命,0
36,毒品,1110207,嘉義縣民雄鄉,普通住宅(一、二層樓),    ,    ,1,安非他命,3.82
36,毒品,1110207,嘉義縣民雄鄉,普通住宅(一、二層樓),    ,    ,1,安非他命,3.61
37,毒品,1110113,臺中市潭子區,普通住宅(一、二層樓),    ,    ,1,安非他命,0
38,毒品,1110120,桃園市龍潭區,公路(省、縣、鄉、鎮道,    ,    ,1,安非他命,0
39,毒品,1110223,臺東縣臺東市,普通住宅(一、二層樓),    ,房間（起居室）,1,甲基安非他命,0.4
40,毒品,1110208,臺北市萬華區,公路(省、縣、鄉、鎮道,    ,    ,1,海洛因,0
41,毒品,1110101,臺北市萬華區,公路(省、縣、鄉、鎮道,    ,    ,1,安非他命,0
42,毒品,1110125,彰化縣鹿港鎮,普通住宅(一、二層樓),    ,    ,1,海洛因,55.1
43,毒品,1110128,桃園市桃園區,公路(省、縣、鄉、鎮道,    ,    ,1,安非他命,0.4
44,毒品,1110129,桃園市桃園區,公路(省、縣、鄉、鎮道,    ,    ,1,安非他命,0
45,毒品,1110217,臺中市東區,普通住宅(一、二層樓),    ,    ,2,安非他命,1.43
46,毒品,1110124,桃園市桃園區,公路(省、縣、鄉、鎮道,    ,    ,1,K(愷)他命(含液態),10.08
47,毒品,1110129,桃園市桃園區,公路(省、縣、鄉、鎮道,    ,    ,1,海洛因,1.3
48,毒品,1110106,新北市土城區,公路(省、縣、鄉、鎮道,    ,街道馬路,1,鴉片(阿片),0
49,毒品,1110117,臺東縣臺東市,公路(省、縣、鄉、鎮道,    ,    ,1,安非他命,0
50,毒品,1110217,臺東縣臺東市,普通住宅(一、二層樓),    ,    ,1,安非他命,2.6
51,毒品,1110218,臺南市永康區,公路(省、縣、鄉、鎮道,    ,    ,1,安非他命,0.18
52,毒品,1110215,彰化縣社頭鄉,公路(省、縣、鄉、鎮道,    ,    ,1,安非他命,1.15
53,毒品,1110120,新北市板橋區,公路(省、縣、鄉、鎮道,    ,    ,2,K(愷)他命(含液態),20.34
53,毒品,1110120,新北市板橋區,公路(省、縣、鄉、鎮道,    ,    ,2,4-甲基甲基卡西酮(喵喵),4.24
54,毒品,1110119,臺南市東山區,公路(省、縣、鄉、鎮道,    ,    ,1,安非他命,0
55,毒品,1110103,臺南市永康區,工地、工寮,    ,    ,1,安非他命,0
56,毒品,1110216,新北市新莊區,公寓(三至五層建築物),    ,    ,1,大麻（大麻花及大麻葉）,6.24
57,毒品,1110227,臺南市北區,普通住宅(一、二層樓),    ,    ,1,K(愷)他命(含液態),0
58,毒品,1110110,高雄市新興區,旅社飯店客棧,    ,    ,1,安非他命,0
59,毒品,1110110,高雄市鼓山區,透天厝,    ,    ,1,安非他命,0
60,毒品,1110214,臺中市南區,普通住宅(一、二層樓),    ,    ,1,安非他命,0
61,毒品,1110217,臺南市永康區,透天厝,    ,    ,1,安非他命,0
62,毒品,1110101,南投縣名間鄉,普通住宅(一、二層樓),    ,    ,1,安非他命,0
63,毒品,1110223,桃園市平鎮區,公路(省、縣、鄉、鎮道,    ,    ,1,安非他命,0.41
64,毒品,1110223,桃園市平鎮區,公寓(三至五層建築物),    ,    ,1,安非他命,0.7
65,毒品,1110223,桃園市平鎮區,透天厝,    ,    ,1,安非他命,0
66,毒品,1110223,桃園市平鎮區,公路(省、縣、鄉、鎮道,    ,    ,1,安非他命,0.01
67,毒品,1110110,新北市貢寮區,普通住宅(一、二層樓),    ,    ,1,安非他命,0
68,毒品,1110115,新北市雙溪區,普通住宅(一、二層樓),    ,    ,1,安非他命,0
69,毒品,1110113,新北市貢寮區,普通住宅(一、二層樓),    ,    ,1,安非他命,0
70,毒品,1110115,嘉義市西區,公路(省、縣、鄉、鎮道,    ,街道馬路,1,安非他命,0
71,毒品,1110215,雲林縣林內鄉,普通住宅(一、二層樓),    ,    ,1,安非他命,4
72,毒品,1110225,新竹縣竹東鎮,公路(省、縣、鄉、鎮道,    ,    ,1,安非他命,0.27
73,毒品,1110105,新北市土城區,公路(省、縣、鄉、鎮道,    ,街道馬路,1,安非他命,0
73,毒品,1110105,新北市土城區,公路(省、縣、鄉、鎮道,    ,街道馬路,1,鴉片(阿片),0
74,毒品,1110214,桃園市八德區,公路(省、縣、鄉、鎮道,    ,    ,1,安非他命,0
75,毒品,1110211,桃園市八德區,普通住宅(一、二層樓),    ,    ,1,安非他命,0.36
76,毒品,1110105,桃園市八德區,普通住宅(一、二層樓),    ,    ,1,安非他命,0
77,毒品,1110212,桃園市八德區,公路(省、縣、鄉、鎮道,    ,    ,1,甲基卡西酮,0.6
78,毒品,1110210,桃園市八德區,普通住宅(一、二層樓),    ,    ,1,安非他命,0
79,毒品,1110213,桃園市八德區,鐵皮屋,    ,    ,1,安非他命,2
80,毒品,1110105,桃園市八德區,普通住宅(一、二層樓),    ,    ,1,安非他命,0
81,毒品,1110122,臺北市大同區,旅社飯店客棧,    ,    ,1,安非他命,11.4
82,毒品,1110115,臺南市新營區,公寓(三至五層建築物),    ,    ,1,海洛因,0
82,毒品,1110115,臺南市新營區,公寓(三至五層建築物),    ,    ,1,安非他命,0
83,毒品,1110125,臺南市北區,公路(省、縣、鄉、鎮道,    ,    ,1,安非他命,0
84,毒品,1110202,新北市新店區,公寓(三至五層建築物),    ,    ,1,安非他命,16.77
85,毒品,1110108,新北市三芝區,普通住宅(一、二層樓),    ,    ,1,安非他命,0
86,毒品,1110128,花蓮縣光復鄉,公路(省、縣、鄉、鎮道,    ,    ,1,安非他命,1.24
87,毒品,1110211,基隆市七堵區,公路(省、縣、鄉、鎮道,    ,    ,1,安非他命,0.33
88,毒品,1110111,新北市三重區,公路(省、縣、鄉、鎮道,    ,    ,1,甲基安非他命,0
89,毒品,1110224,桃園市平鎮區,公路(省、縣、鄉、鎮道,    ,    ,1,安非他命,0.6
89,毒品,1110224,桃園市平鎮區,公路(省、縣、鄉、鎮道,    ,    ,1,海洛因,0.42
90,毒品,1110216,臺北市文山區,公路(省、縣、鄉、鎮道,    ,巷口(路口),3,安非他命,1.15
90,毒品,1110216,臺北市文山區,公路(省、縣、鄉、鎮道,    ,巷口(路口),3,安非他命,0.21
90,毒品,1110216,臺北市文山區,公路(省、縣、鄉、鎮道,    ,巷口(路口),3,海洛因,0.17
91,毒品,1110105,基隆市暖暖區,大廈(六層以上建築物),    ,    ,1,甲基安非他命,0
92,毒品,1110207,新北市新莊區,公路(省、縣、鄉、鎮道,    ,    ,1,甲基安非他命,8.69
92,毒品,1110207,新北市新莊區,公路(省、縣、鄉、鎮道,    ,    ,1,海洛因,1.23
93,毒品,1110209,臺中市大肚區,公路(省、縣、鄉、鎮道,    ,    ,1,大麻（大麻花及大麻葉）,0.24
94,毒品,1110227,臺北市大安區,公路(省、縣、鄉、鎮道,    ,    ,1,4-甲基甲基卡西酮(喵喵),22.8
95,毒品,1110227,臺北市大安區,公路(省、縣、鄉、鎮道,    ,    ,1,4-甲基甲基卡西酮(喵喵),107.96
96,毒品,1110102,新竹縣竹北市,工地、工寮,    ,    ,1,安非他命,0
97,毒品,1110228,臺北市大安區,公路(省、縣、鄉、鎮道,    ,    ,1,大麻（大麻花及大麻葉）,0.1
98,毒品,1110123,宜蘭縣五結鄉,普通住宅(一、二層樓),    ,    ,1,嗎啡,0
99,毒品,1110221,臺北市大安區,公路(省、縣、鄉、鎮道,    ,    ,1,K(愷)他命(含液態),38.75
99,毒品,1110221,臺北市大安區,公路(省、縣、鄉、鎮道,    ,    ,1,K(愷)他命(含液態),157.5
100,毒品,1110226,嘉義市西區,公路(省、縣、鄉、鎮道,    ,街道馬路,1,安非他命,0.38
101,毒品,1110124,屏東縣屏東市,汽車旅館,    ,    ,1,甲基卡西酮,0
102,毒品,1110113,花蓮縣瑞穗鄉,普通住宅(一、二層樓),    ,    ,1,安非他命,0
103,毒品,1110202,新竹市北區,公路(省、縣、鄉、鎮道,    ,    ,1,安非他命,2.08
104,毒品,1110217,桃園市中壢區,公路(省、縣、鄉、鎮道,    ,    ,1,安非他命,0
104,毒品,1110217,桃園市中壢區,公路(省、縣、鄉、鎮道,    ,    ,1,海洛因,0
105,毒品,1110126,臺北市萬華區,公路(省、縣、鄉、鎮道,    ,    ,1,海洛因,0.24
106,毒品,1110209,臺北市萬華區,公路(省、縣、鄉、鎮道,    ,    ,1,安非他命,2.74
107,毒品,1110207,屏東縣九如鄉,其他交通場所,    ,    ,1,4-甲基甲基卡西酮(喵喵),38.44
108,毒品,1110225,臺北市中山區,公路(省、縣、鄉、鎮道,    ,    ,1,安非他命,26.91
109,毒品,1110227,臺北市中山區,公路(省、縣、鄉、鎮道,    ,地上行人穿越道,1,安非他命,0.25
109,毒品,1110227,臺北市中山區,公路(省、縣、鄉、鎮道,    ,地上行人穿越道,1,安非他命,2.09
110,毒品,1110224,臺北市中山區,公路(省、縣、鄉、鎮道,    ,    ,1,安非他命,0
111,毒品,1110224,新北市土城區,公路(省、縣、鄉、鎮道,    ,街道馬路,1,安非他命,0.36
112,毒品,1110221,臺北市萬華區,公路(省、縣、鄉、鎮道,    ,    ,1,安非他命,0.89
113,毒品,1110220,新北市鶯歌區,公寓(三至五層建築物),    ,    ,1,安非他命,0.21
114,毒品,1110207,新北市板橋區,公路(省、縣、鄉、鎮道,    ,    ,2,安非他命,0.95
115,毒品,1110213,新北市板橋區,公路(省、縣、鄉、鎮道,    ,    ,1,甲基安非他命,9
116,毒品,1110101,新北市土城區,公寓(三至五層建築物),    ,    ,1,安非他命,0
117,毒品,1110105,臺東縣臺東市,普通住宅(一、二層樓),    ,    ,1,甲基安非他命,0
118,毒品,1110106,臺東縣臺東市,普通住宅(一、二層樓),    ,    ,1,安非他命,0
119,毒品,1110111,臺東縣臺東市,其他,    ,    ,1,安非他命,0
120,毒品,1110111,宜蘭縣宜蘭市,公寓(三至五層建築物),    ,    ,1,安非他命,0
121,毒品,1110103,宜蘭縣宜蘭市,普通住宅(一、二層樓),    ,    ,1,海洛因,0
122,毒品,1110226,臺北市萬華區,公路(省、縣、鄉、鎮道,    ,    ,1,安非他命,0
123,毒品,1110205,臺北市信義區,公路(省、縣、鄉、鎮道,    ,    ,2,大麻（大麻花及大麻葉）,0.01
124,毒品,1110224,臺北市萬華區,旅社飯店客棧,    ,    ,1,安非他命,0
124,毒品,1110224,臺北市萬華區,旅社飯店客棧,    ,    ,1,硝甲西泮(硝甲氮平),24.7
125,毒品,1110208,高雄市前金區,大廈(六層以上建築物),    ,    ,1,安非他命,0.77
125,毒品,1110208,高雄市前金區,大廈(六層以上建築物),    ,    ,1,海洛因,0.5
126,毒品,1110215,臺北市大安區,公路(省、縣、鄉、鎮道,    ,    ,1,大麻（大麻花及大麻葉）,2.3
127,毒品,1110124,桃園市中壢區,普通住宅(一、二層樓),    ,    ,1,安非他命,0.01
128,毒品,1110118,桃園市中壢區,公路(省、縣、鄉、鎮道,    ,    ,1,安非他命,13.72
129,毒品,1110124,桃園市中壢區,普通住宅(一、二層樓),    ,    ,1,海洛因,27.27
129,毒品,1110124,桃園市中壢區,普通住宅(一、二層樓),    ,    ,1,安非他命,1.33
130,毒品,1110212,桃園市桃園區,大廈(六層以上建築物),    ,    ,1,安非他命,0
131,毒品,1110127,臺北市萬華區,公路(省、縣、鄉、鎮道,    ,    ,1,安非他命,0
132,毒品,1110111,臺北市萬華區,公路(省、縣、鄉、鎮道,    ,    ,1,安非他命,0
133,毒品,1110219,臺北市萬華區,公路(省、縣、鄉、鎮道,    ,    ,1,安非他命,9.51
134,毒品,1110219,臺北市萬華區,公路(省、縣、鄉、鎮道,    ,    ,1,安非他命,18.15
135,毒品,1110225,臺北市大安區,公路(省、縣、鄉、鎮道,    ,    ,1,大麻（大麻花及大麻葉）,0.1
136,毒品,1110102,南投縣南投市,公路(省、縣、鄉、鎮道,    ,街道馬路,1,安非他命,0
137,毒品,1110226,臺中市神岡區,公路(省、縣、鄉、鎮道,    ,    ,1,海洛因,0.86
137,毒品,1110226,臺中市神岡區,公路(省、縣、鄉、鎮道,    ,    ,1,安非他命,7.46
138,毒品,1110226,臺中市霧峰區,公路(省、縣、鄉、鎮道,    ,巷口(路口),1,海洛因,0.4
138,毒品,1110226,臺中市霧峰區,公路(省、縣、鄉、鎮道,    ,巷口(路口),1,安非他命,0.9
139,毒品,1110209,臺北市大同區,公路(省、縣、鄉、鎮道,    ,街道馬路,1,安非他命,0
140,毒品,1110121,桃園市中壢區,超級市場,    ,停車場,1,甲基卡西酮,101.87
141,毒品,1110225,宜蘭縣宜蘭市,法院及其分院(含檢察署,    ,    ,1,海洛因,0.24
142,毒品,1110223,南投縣草屯鎮,普通住宅(一、二層樓),    ,    ,1,安非他命,0
143,毒品,1110227,桃園市龜山區,公路(省、縣、鄉、鎮道,    ,    ,1,4-甲基甲基卡西酮(喵喵),11.56
144,毒品,1110226,桃園市龜山區,公路(省、縣、鄉、鎮道,    ,    ,1,安非他命,0.44
145,毒品,1110211,新北市新莊區,公路(省、縣、鄉、鎮道,    ,    ,1,甲基安非他命,1.18
146,毒品,1110212,高雄市橋頭區,公路(省、縣、鄉、鎮道,    ,    ,1,卡西酮,7.9
146,毒品,1110212,高雄市橋頭區,公路(省、縣、鄉、鎮道,    ,    ,1,卡西酮,52.6
147,毒品,1110213,高雄市燕巢區,公路(省、縣、鄉、鎮道,    ,    ,1,海洛因,0.23
148,毒品,1110217,嘉義市西區,公路(省、縣、鄉、鎮道,    ,巷口(路口),1,安非他命,0.32
149,毒品,1110205,高雄市仁武區,公路(省、縣、鄉、鎮道,    ,    ,1,海洛因,2.4
149,毒品,1110205,高雄市仁武區,公路(省、縣、鄉、鎮道,    ,    ,1,海洛因,1.09
150,毒品,1110203,高雄市鳥松區,公路(省、縣、鄉、鎮道,    ,    ,2,安非他命,0.48
150,毒品,1110203,高雄市鳥松區,公路(省、縣、鄉、鎮道,    ,    ,2,安非他命,0.36
150,毒品,1110203,高雄市鳥松區,公路(省、縣、鄉、鎮道,    ,    ,2,海洛因,2.43
150,毒品,1110203,高雄市鳥松區,公路(省、縣、鄉、鎮道,    ,    ,2,安非他命,2.12
151,毒品,1110128,高雄市仁武區,普通住宅(一、二層樓),    ,    ,1,安非他命,1.67
152,毒品,1110207,雲林縣莿桐鄉,公路(省、縣、鄉、鎮道,    ,    ,1,安非他命,5.5
153,毒品,1110228,臺中市東區,公路(省、縣、鄉、鎮道,    ,    ,1,甲基安非他命,5
154,毒品,1110124,臺南市安平區,普通住宅(一、二層樓),    ,    ,1,安非他命,72.86
155,毒品,1110117,桃園市龜山區,汽車旅館,    ,    ,1,甲基卡西酮,53.27
156,毒品,1110223,臺南市白河區,普通住宅(一、二層樓),    ,    ,1,海洛因,1
157,毒品,1110104,新北市林口區,普通住宅(一、二層樓),    ,    ,1,甲基安非他命,0
158,毒品,1110103,雲林縣林內鄉,普通住宅(一、二層樓),    ,    ,1,海洛因,0
159,毒品,1110207,嘉義縣中埔鄉,KTV,    ,    ,1,安非他命,0.9
160,毒品,1110129,苗栗縣竹南鎮,普通住宅(一、二層樓),    ,    ,1,甲基安非他命,0.5
161,毒品,1110206,雲林縣斗六市,公路(省、縣、鄉、鎮道,    ,    ,1,安非他命,0.37
162,毒品,1110122,桃園市桃園區,汽車旅館,    ,    ,1,安非他命,0.32
163,毒品,1110216,臺北市中山區,公路(省、縣、鄉、鎮道,    ,    ,1,K(愷)他命(含液態),29.95
163,毒品,1110216,臺北市中山區,公路(省、縣、鄉、鎮道,    ,    ,1,安非他命,77.95
164,毒品,1110218,臺北市中山區,公路(省、縣、鄉、鎮道,    ,    ,1,安非他命,0.42
165,毒品,1110122,桃園市龍潭區,公路(省、縣、鄉、鎮道,    ,    ,1,安非他命,0
166,毒品,1110211,臺中市北區,公路(省、縣、鄉、鎮道,    ,    ,1,安非他命,0.71
167,毒品,1110101,臺南市柳營區,普通住宅(一、二層樓),    ,    ,1,海洛因,0
168,毒品,1110125,新竹市東區,公路(省、縣、鄉、鎮道,其他,電腦網路,2,卡西酮,81.11
169,毒品,1110213,南投縣水里鄉,普通住宅(一、二層樓),    ,    ,1,安非他命,0.2
170,毒品,1110210,南投縣水里鄉,公路(省、縣、鄉、鎮道,    ,    ,1,安非他命,1.3
171,毒品,1110129,臺北市中正區,公路(省、縣、鄉、鎮道,    ,    ,1,安非他命,0
172,毒品,1110217,彰化縣大村鄉,普通住宅(一、二層樓),    ,    ,1,安非他命,0
173,毒品,1110205,桃園市楊梅區,普通住宅(一、二層樓),    ,    ,1,甲基安非他命,0
174,毒品,1110215,桃園市楊梅區,公路(省、縣、鄉、鎮道,    ,    ,1,海洛因,0.1
175,毒品,1110119,桃園市平鎮區,公路(省、縣、鄉、鎮道,    ,    ,1,安非他命,0.52
176,毒品,1110210,臺南市中西區,公路(省、縣、鄉、鎮道,    ,    ,1,K(愷)他命(含液態),31.56
177,毒品,1110107,彰化縣彰化市,普通住宅(一、二層樓),    ,    ,1,海洛因,0
178,毒品,1110105,新北市新莊區,普通住宅(一、二層樓),    ,    ,1,甲基安非他命,0
179,毒品,1110212,新北市新莊區,公寓(三至五層建築物),    ,    ,1,甲基安非他命,2.52
180,毒品,1110215,新北市新店區,普通住宅(一、二層樓),    ,    ,1,安非他命,7.57
181,毒品,1110121,新北市板橋區,普通住宅(一、二層樓),    ,    ,1,海洛因,0
181,毒品,1110121,新北市板橋區,普通住宅(一、二層樓),    ,    ,1,安非他命,0
182,毒品,1110228,屏東縣東港鎮,公路(省、縣、鄉、鎮道,    ,    ,1,安非他命,1.55
183,毒品,1110222,苗栗縣苗栗市,普通住宅(一、二層樓),    ,    ,1,安非他命,104.95
184,毒品,1110228,屏東縣東港鎮,普通住宅(一、二層樓),    ,    ,1,安非他命,0.2
185,毒品,1110116,屏東縣新園鄉,工廠(不含爆竹車輛修配、含工業,    ,    ,1,安非他命,0
186,毒品,1110224,臺中市梧棲區,公路(省、縣、鄉、鎮道,    ,    ,1,安非他命,2.82
187,毒品,1110215,桃園市桃園區,大廈(六層以上建築物),    ,    ,1,安非他命,1.16
188,毒品,1110104,桃園市桃園區,出租公寓（套房）,    ,    ,1,安非他命,0
189,毒品,1110116,新北市三芝區,公園,    ,公廁,1,甲基安非他命,0
190,毒品,1110107,桃園市蘆竹區,便利商店,    ,    ,1,安非他命,0
191,毒品,1110110,臺北市大安區,公路(省、縣、鄉、鎮道,    ,    ,1,安非他命,0
192,毒品,1110212,臺北市大安區,公路(省、縣、鄉、鎮道,    ,    ,1,勞拉西泮,13.93
192,毒品,1110212,臺北市大安區,公路(省、縣、鄉、鎮道,    ,    ,1,舒樂安定,10.08
192,毒品,1110212,臺北市大安區,公路(省、縣、鄉、鎮道,    ,    ,1,阿普唑他(蝴蝶片),26.91
192,毒品,1110212,臺北市大安區,公路(省、縣、鄉、鎮道,    ,    ,1,舒樂安定,7.04
193,毒品,1110212,臺北市大安區,公路(省、縣、鄉、鎮道,    ,    ,1,大麻（大麻花及大麻葉）,0.66
194,毒品,1110212,臺北市大安區,公路(省、縣、鄉、鎮道,    ,    ,1,大麻（大麻花及大麻葉）,0.1
195,毒品,1110214,臺北市大安區,公路(省、縣、鄉、鎮道,    ,    ,1,大麻（大麻花及大麻葉）,8.76
196,毒品,1110112,臺南市永康區,普通住宅(一、二層樓),    ,    ,1,安非他命,0
197,毒品,1110117,嘉義市西區,普通住宅(一、二層樓),    ,    ,1,安非他命,0
198,毒品,1110221,雲林縣斗南鎮,普通住宅(一、二層樓),    ,    ,1,安非他命,3.63
198,毒品,1110221,雲林縣斗南鎮,普通住宅(一、二層樓),    ,    ,1,安非他命,1.29
198,毒品,1110221,雲林縣斗南鎮,普通住宅(一、二層樓),    ,    ,1,海洛因,0.51
198,毒品,1110221,雲林縣斗南鎮,普通住宅(一、二層樓),    ,    ,1,海洛因,0.5
198,毒品,1110221,雲林縣斗南鎮,普通住宅(一、二層樓),    ,    ,1,海洛因,0.5
198,毒品,1110221,雲林縣斗南鎮,普通住宅(一、二層樓),    ,    ,1,海洛因,0.3
198,毒品,1110221,雲林縣斗南鎮,普通住宅(一、二層樓),    ,    ,1,安非他命,3.5
198,毒品,1110221,雲林縣斗南鎮,普通住宅(一、二層樓),    ,    ,1,海洛因,0.67
199,毒品,1110227,臺中市西屯區,公路(省、縣、鄉、鎮道,    ,    ,1,安非他命,0.46
200,毒品,1110115,嘉義縣水上鄉,普通住宅(一、二層樓),    ,    ,1,安非他命,0
200,毒品,1110115,嘉義縣水上鄉,普通住宅(一、二層樓),    ,    ,1,海洛因,0
201,毒品,1110215,桃園市八德區,公路(省、縣、鄉、鎮道,    ,    ,1,安非他命,6.71
202,毒品,1110110,新北市汐止區,大廈(六層以上建築物),    ,    ,1,安非他命,0
203,毒品,1110202,南投縣草屯鎮,普通住宅(一、二層樓),    ,    ,1,安非他命,0.3
204,毒品,1110215,高雄市小港區,大廈(六層以上建築物),    ,    ,1,海洛因,0.33
205,毒品,1110109,嘉義縣布袋鎮,普通住宅(一、二層樓),    ,    ,1,安非他命,0
206,毒品,1110211,南投縣埔里鎮,公路(省、縣、鄉、鎮道,    ,    ,1,海洛因,0.47
207,毒品,1110110,基隆市中山區,公寓(三至五層建築物),    ,    ,1,安非他命,0
208,毒品,1110224,臺北市萬華區,公路(省、縣、鄉、鎮道,    ,    ,1,安非他命,1.12
209,毒品,1110101,臺中市烏日區,透天厝,    ,    ,1,安非他命,0
210,毒品,1110212,新北市三重區,公路(省、縣、鄉、鎮道,    ,    ,1,海洛因,30.79
210,毒品,1110212,新北市三重區,公路(省、縣、鄉、鎮道,    ,    ,1,海洛因,40.53
210,毒品,1110212,新北市三重區,公路(省、縣、鄉、鎮道,    ,    ,1,甲基安非他命,59.37
211,毒品,1110203,新北市新莊區,大廈(六層以上建築物),    ,    ,2,甲基安非他命,0.19
212,毒品,1110112,新北市板橋區,普通住宅(一、二層樓),    ,    ,1,海洛因,0
213,毒品,1110110,臺北市南港區,公寓(三至五層建築物),    ,    ,1,安非他命,0
214,毒品,1110211,臺南市永康區,公路(省、縣、鄉、鎮道,    ,    ,2,安非他命,5.93
214,毒品,1110211,臺南市永康區,公路(省、縣、鄉、鎮道,    ,    ,2,安非他命,1.5
215,毒品,1110122,臺南市安平區,公路(省、縣、鄉、鎮道,    ,    ,1,安非他命,37.25
216,毒品,1110224,彰化縣彰化市,出租公寓（套房）,    ,    ,1,安非他命,0.17
217,毒品,1110209,新北市汐止區,公路(省、縣、鄉、鎮道,    ,    ,1,安非他命,0.33
218,毒品,1110105,臺南市永康區,普通住宅(一、二層樓),    ,    ,1,安非他命,0
219,毒品,1110121,嘉義市西區,公寓(三至五層建築物),    ,    ,1,安非他命,0
220,毒品,1110222,屏東縣屏東市,公路(省、縣、鄉、鎮道,    ,    ,1,安非他命,0
221,毒品,1110223,屏東縣屏東市,汽車旅館,    ,    ,3,"MDMA（快樂丸、搖頭丸、3,4-亞甲基雙氧甲基安非他命）",0
221,毒品,1110223,屏東縣屏東市,汽車旅館,    ,    ,3,K(愷)他命(含液態),0
222,毒品,1110106,臺中市中區,出租公寓（套房）,    ,    ,1,安非他命,0
223,毒品,1110104,臺中市西區,公路(省、縣、鄉、鎮道,    ,    ,1,安非他命,0.69
224,毒品,1110217,彰化縣大村鄉,普通住宅(一、二層樓),    ,    ,1,安非他命,0
225,毒品,1110222,基隆市中山區,公寓(三至五層建築物),    ,    ,1,海洛因,2.86
225,毒品,1110222,基隆市中山區,公寓(三至五層建築物),    ,    ,1,安非他命,1.51
226,毒品,1110209,桃園市楊梅區,公路(省、縣、鄉、鎮道,    ,    ,1,安非他命,29.25
227,毒品,1110101,屏東縣東港鎮,普通住宅(一、二層樓),    ,    ,1,甲基安非他命,0
228,毒品,1110222,南投縣埔里鎮,公路(省、縣、鄉、鎮道,    ,    ,1,安非他命,54.78
229,毒品,1110224,雲林縣崙背鄉,普通住宅(一、二層樓),    ,    ,1,海洛因,1.9
229,毒品,1110224,雲林縣崙背鄉,普通住宅(一、二層樓),    ,    ,1,安非他命,0
230,毒品,1110224,雲林縣崙背鄉,普通住宅(一、二層樓),    ,    ,1,海洛因,0.3
231,毒品,1110216,桃園市八德區,公路(省、縣、鄉、鎮道,    ,    ,1,海洛因,0.25
231,毒品,1110216,桃園市八德區,公路(省、縣、鄉、鎮道,    ,    ,1,安非他命,0.88
232,毒品,1110126,新竹市東區,大廈(六層以上建築物),    ,    ,1,大麻（大麻花及大麻葉）,2.54
232,毒品,1110126,新竹市東區,大廈(六層以上建築物),    ,    ,1,安非他命,82.3
232,毒品,1110126,新竹市東區,大廈(六層以上建築物),    ,    ,1,K(愷)他命(含液態),9.94
233,毒品,1110128,高雄市仁武區,公路(省、縣、鄉、鎮道,    ,    ,3,安非他命,7.36
234,毒品,1110218,高雄市小港區,機場,    ,    ,1,阿法-甲基吩坦尼,0.73
234,毒品,1110218,高雄市小港區,機場,    ,    ,1,海洛因,2.21
235,毒品,1110215,桃園市龜山區,公路(省、縣、鄉、鎮道,    ,    ,1,安非他命,0.38
236,毒品,1110114,臺東縣池上鄉,普通住宅(一、二層樓),    ,    ,1,安非他命,0
237,毒品,1110127,桃園市桃園區,公路(省、縣、鄉、鎮道,    ,    ,1,海洛因,0
238,毒品,1110127,桃園市桃園區,汽車旅館,    ,    ,1,甲氧基甲基安非他命（MMA）,25.4
239,毒品,1110130,桃園市桃園區,公路(省、縣、鄉、鎮道,    ,    ,1,海洛因,0
240,毒品,1110223,雲林縣斗六市,普通住宅(一、二層樓),    ,    ,1,安非他命,4.13
241,毒品,1110221,雲林縣莿桐鄉,普通住宅(一、二層樓),    ,    ,1,海洛因,0.3
242,毒品,1110211,基隆市仁愛區,公路(省、縣、鄉、鎮道,    ,    ,1,安非他命,17.46
242,毒品,1110211,基隆市仁愛區,公路(省、縣、鄉、鎮道,    ,    ,1,硝甲西泮(硝甲氮平),15
242,毒品,1110211,基隆市仁愛區,公路(省、縣、鄉、鎮道,    ,    ,1,氯甲基卡西酮CMC,88.95
242,毒品,1110211,基隆市仁愛區,公路(省、縣、鄉、鎮道,    ,    ,1,卡西酮,6
243,毒品,1110209,宜蘭縣五結鄉,公路(省、縣、鄉、鎮道,    ,    ,1,甲基安非他命,7.2
244,毒品,1110125,屏東縣高樹鄉,普通住宅(一、二層樓),    ,    ,1,安非他命,0
244,毒品,1110125,屏東縣高樹鄉,普通住宅(一、二層樓),    ,    ,1,海洛因,2.33
245,毒品,1110204,嘉義市西區,公路(省、縣、鄉、鎮道,    ,街道馬路,1,安非他命,3.4
246,毒品,1110122,桃園市龜山區,公路(省、縣、鄉、鎮道,    ,    ,1,安非他命,3.9
247,毒品,1110213,新北市三重區,公路(省、縣、鄉、鎮道,    ,    ,1,甲基安非他命,1.16
248,毒品,1110104,桃園市桃園區,普通住宅(一、二層樓),    ,街道馬路,1,海洛因,0.2
249,毒品,1110103,桃園市桃園區,普通住宅(一、二層樓),    ,街道馬路,1,海洛因,0.22
250,毒品,1110228,臺北市內湖區,公路(省、縣、鄉、鎮道,    ,    ,1,安非他命,10.64
251,毒品,1110220,臺北市中山區,公路(省、縣、鄉、鎮道,    ,    ,1,安非他命,13.31
252,毒品,1110218,桃園市中壢區,公路(省、縣、鄉、鎮道,    ,    ,1,安非他命,0.2
253,毒品,1110109,屏東縣潮州鎮,普通住宅(一、二層樓),    ,    ,1,甲基安非他命,0
254,毒品,1110221,新北市三重區,旅社飯店客棧,    ,    ,1,甲基安非他命,0
255,毒品,1110219,桃園市蘆竹區,公寓(三至五層建築物),    ,    ,1,安非他命,3.7
256,毒品,1110120,嘉義市東區,公路(省、縣、鄉、鎮道,    ,    ,1,安非他命,0
257,毒品,1110218,屏東縣屏東市,普通住宅(一、二層樓),    ,    ,1,安非他命,0.5
258,毒品,1110228,臺中市東區,普通住宅(一、二層樓),    ,    ,1,甲基卡西酮,0.1
259,毒品,1110211,新北市新莊區,公寓(三至五層建築物),    ,    ,1,甲基安非他命,0.1
260,毒品,1110228,臺北市萬華區,公路(省、縣、鄉、鎮道,    ,    ,1,安非他命,0.57
261,毒品,1110228,臺北市萬華區,公路(省、縣、鄉、鎮道,    ,    ,1,安非他命,0
262,毒品,1110102,新北市土城區,公路(省、縣、鄉、鎮道,    ,街道馬路,1,安非他命,0
263,毒品,1110110,臺中市豐原區,普通住宅(一、二層樓),    ,    ,1,安非他命,0
264,毒品,1110218,臺北市中正區,汽車旅館,    ,    ,2,甲基安非他命,1.99
265,毒品,1110120,臺南市永康區,公路(省、縣、鄉、鎮道,    ,    ,1,安非他命,0
266,毒品,1110110,苗栗縣造橋鄉,高速公路,    ,    ,1,海洛因,0.18
267,毒品,1110222,高雄市前鎮區,獨立專門停車塔(場),    ,    ,1,安非他命,2.58
268,毒品,1110223,臺中市南屯區,公路(省、縣、鄉、鎮道,    ,    ,1,安非他命,4
269,毒品,1110129,臺中市北區,公路(省、縣、鄉、鎮道,    ,    ,1,海洛因,0.35
270,毒品,1110212,屏東縣潮州鎮,普通住宅(一、二層樓),    ,    ,1,甲基安非他命,0.38
271,毒品,1110221,屏東縣鹽埔鄉,普通住宅(一、二層樓),    ,    ,1,安非他命,0.82
272,毒品,1110221,屏東縣九如鄉,普通住宅(一、二層樓),    ,    ,1,安非他命,0
273,毒品,1110217,新北市三重區,公園,    ,    ,1,4-甲基甲基卡西酮(喵喵),0.1
273,毒品,1110217,新北市三重區,公園,    ,    ,1,4-甲基甲基卡西酮(喵喵),0.1
274,毒品,1110103,高雄市岡山區,透天厝,    ,    ,2,海洛因,0
274,毒品,1110103,高雄市岡山區,透天厝,    ,    ,2,安非他命,0
275,毒品,1110120,桃園市桃園區,公路(省、縣、鄉、鎮道,    ,    ,1,海洛因,0
276,毒品,1110213,嘉義市東區,公路(省、縣、鄉、鎮道,    ,    ,1,安非他命,0.35
277,毒品,1110221,新北市新莊區,普通住宅(一、二層樓),    ,    ,1,甲基安非他命,5.17
278,毒品,1110112,新竹縣新豐鄉,普通住宅(一、二層樓),    ,    ,1,海洛因,0
279,毒品,1110126,桃園市平鎮區,公路(省、縣、鄉、鎮道,    ,    ,1,安非他命,3.23
280,毒品,1110204,苗栗縣後龍鎮,電子遊戲場,    ,    ,1,甲基安非他命,61
281,毒品,1110215,苗栗縣竹南鎮,普通住宅(一、二層樓),    ,    ,1,海洛因,1.08
282,毒品,1110124,臺北市中山區,公路(省、縣、鄉、鎮道,線上遊戲,電腦網路,1,"MDMA（快樂丸、搖頭丸、3,4-亞甲基雙氧甲基安非他命）",4.9
282,毒品,1110124,臺北市中山區,公路(省、縣、鄉、鎮道,線上遊戲,電腦網路,1,K(愷)他命(含液態),55.55
283,毒品,1110126,臺北市中山區,公路(省、縣、鄉、鎮道,    ,    ,4,安非他命,0.32
283,毒品,1110126,臺北市中山區,公路(省、縣、鄉、鎮道,    ,    ,4,安非他命,187.92
284,毒品,1110220,新北市中和區,公路(省、縣、鄉、鎮道,    ,    ,1,4-甲基甲基卡西酮(喵喵),33.02
285,毒品,1110105,新北市土城區,公寓(三至五層建築物),    ,    ,1,甲基安非他命,0
285,毒品,1110105,新北市土城區,公寓(三至五層建築物),    ,    ,1,安非他命,0
286,毒品,1110208,臺中市北區,公路(省、縣、鄉、鎮道,    ,    ,1,安非他命,0
287,毒品,1110217,彰化縣花壇鄉,普通住宅(一、二層樓),    ,    ,1,安非他命,0
288,毒品,1110213,臺中市西屯區,公路(省、縣、鄉、鎮道,    ,    ,1,卡西酮,4.43
288,毒品,1110213,臺中市西屯區,公路(省、縣、鄉、鎮道,    ,    ,1,海洛因,0.39
289,毒品,1110222,新北市板橋區,公路(省、縣、鄉、鎮道,    ,    ,1,甲基安非他命,952
290,毒品,1110125,新北市樹林區,普通住宅(一、二層樓),    ,    ,2,安非他命,2.16
290,毒品,1110125,新北市樹林區,普通住宅(一、二層樓),    ,    ,2,安非他命,4.92
291,毒品,1110204,臺中市豐原區,公路(省、縣、鄉、鎮道,    ,    ,2,安非他命,0.6
292,毒品,1110216,新竹市北區,公路(省、縣、鄉、鎮道,    ,    ,1,安非他命,0.36
293,毒品,1110119,臺北市中正區,公路(省、縣、鄉、鎮道,    ,    ,1,安非他命,0
294,毒品,1110113,嘉義市西區,公路(省、縣、鄉、鎮道,    ,巷口(路口),1,安非他命,0
295,毒品,1110211,高雄市鳥松區,公路(省、縣、鄉、鎮道,    ,    ,1,安非他命,0
296,毒品,1110227,桃園市平鎮區,公路(省、縣、鄉、鎮道,    ,    ,1,安非他命,0
297,毒品,1110108,新北市新莊區,普通住宅(一、二層樓),    ,    ,1,安非他命,0
298,毒品,1110221,新北市新莊區,出租公寓（套房）,    ,    ,1,安非他命,0
299,毒品,1110213,新北市板橋區,旅社飯店客棧,    ,    ,1,甲基安非他命,0.4
300,毒品,1110102,新北市汐止區,大廈(六層以上建築物),    ,    ,1,甲基安非他命,0
301,毒品,1110112,屏東縣萬巒鄉,普通住宅(一、二層樓),    ,    ,1,甲基安非他命,0
302,毒品,1110215,新北市鶯歌區,公路(省、縣、鄉、鎮道,    ,街道馬路,1,甲基安非他命,0.36
303,毒品,1110201,新北市萬里區,普通住宅(一、二層樓),    ,    ,1,甲基安非他命,1.69
304,毒品,1110221,臺北市大同區,公路(省、縣、鄉、鎮道,    ,巷口(路口),1,安非他命,0
305,毒品,1110221,臺北市大同區,公路(省、縣、鄉、鎮道,    ,街道馬路,1,海洛因,6.44
305,毒品,1110221,臺北市大同區,公路(省、縣、鄉、鎮道,    ,街道馬路,1,安非他命,0
306,毒品,1110209,基隆市中正區,公寓(三至五層建築物),    ,    ,3,海洛因,1.68
306,毒品,1110209,基隆市中正區,公寓(三至五層建築物),    ,    ,3,甲基安非他命,2.68
307,毒品,1110121,高雄市三民區,普通住宅(一、二層樓),    ,    ,1,安非他命,0
308,毒品,1110212,高雄市三民區,公路(省、縣、鄉、鎮道,    ,    ,1,安非他命,0.12
309,毒品,1110210,高雄市三民區,汽車旅館,    ,    ,1,K(愷)他命(含液態),6.8
310,毒品,1110119,高雄市苓雅區,公路(省、縣、鄉、鎮道,    ,    ,1,安非他命,0.42
311,毒品,1110224,臺北市大同區,公路(省、縣、鄉、鎮道,    ,街道馬路,1,安非他命,95
311,毒品,1110224,臺北市大同區,公路(省、縣、鄉、鎮道,    ,街道馬路,1,K(愷)他命(含液態),9.87
312,毒品,1110104,基隆市仁愛區,普通住宅(一、二層樓),    ,    ,1,安非他命,0
313,毒品,1110211,新北市三重區,公路(省、縣、鄉、鎮道,    ,    ,1,K(愷)他命(含液態),8.1
314,毒品,1110212,新北市三重區,公路(省、縣、鄉、鎮道,    ,    ,1,甲基安非他命,0.7
315,毒品,1110104,臺中市大里區,大廈(六層以上建築物),    ,    ,1,安非他命,0
315,毒品,1110104,臺中市大里區,大廈(六層以上建築物),    ,    ,1,海洛因,0
316,毒品,1110216,彰化縣芬園鄉,普通住宅(一、二層樓),    ,    ,1,安非他命,0.42
317,毒品,1110130,臺北市中山區,公路(省、縣、鄉、鎮道,    ,    ,1,安非他命,20.01
318,毒品,1110107,臺北市南港區,大廈(六層以上建築物),    ,    ,1,安非他命,0
319,毒品,1110220,臺北市萬華區,公路(省、縣、鄉、鎮道,    ,門口(出入口),1,甲基安非他命,0.34
320,毒品,1110223,臺中市霧峰區,公寓(三至五層建築物),    ,    ,1,海洛因,3.86
321,毒品,1110119,高雄市鳳山區,公路(省、縣、鄉、鎮道,    ,    ,1,安非他命,0
322,毒品,1110217,臺北市內湖區,大廈(六層以上建築物),其他,電腦網路,1,安非他命,0.73
323,毒品,1110107,桃園市平鎮區,公路(省、縣、鄉、鎮道,    ,    ,2,4-甲基甲基卡西酮(喵喵),0
324,毒品,1110208,桃園市平鎮區,公寓(三至五層建築物),    ,    ,1,安非他命,0
325,毒品,1110112,基隆市暖暖區,普通住宅(一、二層樓),    ,    ,1,安非他命,0
326,毒品,1110101,基隆市七堵區,普通住宅(一、二層樓),    ,    ,1,甲基安非他命,0
327,毒品,1110101,桃園市龍潭區,公路(省、縣、鄉、鎮道,    ,    ,1,安非他命,0
328,毒品,1110221,高雄市三民區,公寓(三至五層建築物),    ,    ,1,安非他命,4.6
329,毒品,1110105,桃園市八德區,普通住宅(一、二層樓),    ,    ,1,安非他命,0
330,毒品,1110209,桃園市中壢區,公路(省、縣、鄉、鎮道,    ,汽車上,1,甲基卡西酮,10.14
331,毒品,1110219,臺北市中山區,公路(省、縣、鄉、鎮道,UThome聊天室,電腦網路,1,安非他命,0.36
332,毒品,1110204,臺北市大安區,夜店,    ,    ,1,大麻（大麻花及大麻葉）,0.01
333,毒品,1110219,嘉義市東區,公路(省、縣、鄉、鎮道,    ,    ,1,安非他命,0.22
333,毒品,1110219,嘉義市東區,公路(省、縣、鄉、鎮道,    ,    ,1,安非他命,0.27
334,毒品,1110103,新北市樹林區,公寓(三至五層建築物),    ,    ,1,甲基安非他命,0
335,毒品,1110111,花蓮縣新城鄉,普通住宅(一、二層樓),    ,    ,1,安非他命,0
336,毒品,1110225,高雄市三民區,公路(省、縣、鄉、鎮道,    ,街道馬路,1,安非他命,1.64
336,毒品,1110225,高雄市三民區,公路(省、縣、鄉、鎮道,    ,街道馬路,1,海洛因,1
337,毒品,1110207,新北市三重區,公路(省、縣、鄉、鎮道,    ,    ,1,甲基安非他命,10
338,毒品,1110106,新北市三重區,大廈(六層以上建築物),    ,    ,1,甲基安非他命,0
339,毒品,1110110,臺南市北區,公路(省、縣、鄉、鎮道,    ,    ,1,K(愷)他命(含液態),0
340,毒品,1110128,臺北市萬華區,公路(省、縣、鄉、鎮道,    ,    ,1,"MDMA（快樂丸、搖頭丸、3,4-亞甲基雙氧甲基安非他命）",4.6
341,毒品,1110210,新北市新莊區,公寓(三至五層建築物),    ,    ,1,海洛因,0.82
341,毒品,1110210,新北市新莊區,公寓(三至五層建築物),    ,    ,1,安非他命,0
342,毒品,1110106,臺北市北投區,公寓(三至五層建築物),    ,    ,1,安非他命,0
343,毒品,1110208,屏東縣高樹鄉,普通住宅(一、二層樓),    ,    ,1,安非他命,4.94
344,毒品,1110105,臺南市北區,公寓(三至五層建築物),    ,    ,1,安非他命,0
345,毒品,1110216,桃園市中壢區,公路(省、縣、鄉、鎮道,    ,    ,1,安非他命,2
346,毒品,1110217,臺北市內湖區,公寓(三至五層建築物),    ,    ,1,安非他命,0
347,毒品,1110127,新北市淡水區,大廈(六層以上建築物),    ,    ,1,海洛因,2.64
347,毒品,1110127,新北市淡水區,大廈(六層以上建築物),    ,    ,1,安非他命,4.57
348,毒品,1110220,臺北市中山區,公路(省、縣、鄉、鎮道,其他,電腦網路,1,安非他命,0.72
349,毒品,1110224,新北市板橋區,公路(省、縣、鄉、鎮道,    ,    ,1,4-甲基甲基卡西酮(喵喵),41.35
350,毒品,1110227,高雄市前鎮區,公路(省、縣、鄉、鎮道,    ,街道馬路,1,海洛因,5.29
350,毒品,1110227,高雄市前鎮區,公路(省、縣、鄉、鎮道,    ,街道馬路,1,安非他命,16.4
351,毒品,1110216,苗栗縣頭份市,公路(省、縣、鄉、鎮道,    ,    ,1,安非他命,0.1
351,毒品,1110216,苗栗縣頭份市,公路(省、縣、鄉、鎮道,    ,    ,1,海洛因,19.9
352,毒品,1110208,南投縣竹山鎮,公路(省、縣、鄉、鎮道,    ,    ,1,安非他命,0.01
353,毒品,1110117,桃園市龍潭區,公路(省、縣、鄉、鎮道,    ,    ,1,安非他命,0
354,毒品,1110209,臺北市松山區,公路(省、縣、鄉、鎮道,其他,電腦網路,1,安非他命,0.37
355,毒品,1110214,新北市蘆洲區,公路(省、縣、鄉、鎮道,    ,    ,1,甲基安非他命,0.26
356,毒品,1110222,屏東縣屏東市,旅社飯店客棧,    ,    ,1,安非他命,0
357,毒品,1110104,嘉義縣朴子市,普通住宅(一、二層樓),    ,    ,1,海洛因,0
358,毒品,1110202,屏東縣屏東市,公路(省、縣、鄉、鎮道,    ,巷口(路口),1,海洛因,1.06
359,毒品,1110103,花蓮縣壽豐鄉,公路(省、縣、鄉、鎮道,    ,    ,1,安非他命,0
360,毒品,1110213,桃園市八德區,公路(省、縣、鄉、鎮道,    ,    ,1,安非他命,29.5
361,毒品,1110213,桃園市八德區,公路(省、縣、鄉、鎮道,    ,    ,1,海洛因,2.5
362,毒品,1110211,桃園市八德區,普通住宅(一、二層樓),    ,    ,1,安非他命,0
363,毒品,1110211,桃園市八德區,公路(省、縣、鄉、鎮道,    ,    ,1,安非他命,0
364,毒品,1110207,雲林縣水林鄉,公路(省、縣、鄉、鎮道,    ,    ,1,安非他命,4.94
365,毒品,1110214,新北市新店區,公路(省、縣、鄉、鎮道,    ,    ,1,安非他命,2.34
366,毒品,1110216,桃園市桃園區,公路(省、縣、鄉、鎮道,    ,    ,1,安非他命,0.16
367,毒品,1110213,桃園市桃園區,公路(省、縣、鄉、鎮道,    ,    ,1,安非他命,0.62
368,毒品,1110212,桃園市桃園區,公路(省、縣、鄉、鎮道,    ,    ,1,安非他命,0.4
368,毒品,1110212,桃園市桃園區,公路(省、縣、鄉、鎮道,    ,    ,1,海洛因,22.8
369,毒品,1110217,桃園市桃園區,公路(省、縣、鄉、鎮道,    ,    ,1,安非他命,0.54
370,毒品,1110217,桃園市桃園區,公路(省、縣、鄉、鎮道,    ,    ,1,安非他命,0.44
371,毒品,1110216,桃園市桃園區,公路(省、縣、鄉、鎮道,    ,    ,1,安非他命,42
371,毒品,1110216,桃園市桃園區,公路(省、縣、鄉、鎮道,    ,    ,1,海洛因,11.68
372,毒品,1110209,桃園市桃園區,公路(省、縣、鄉、鎮道,    ,    ,1,安非他命,0.25
373,毒品,1110207,桃園市桃園區,公路(省、縣、鄉、鎮道,    ,    ,1,海洛因,2.41
373,毒品,1110207,桃園市桃園區,公路(省、縣、鄉、鎮道,    ,    ,1,安非他命,1.04
374,毒品,1110106,桃園市桃園區,公寓(三至五層建築物),    ,    ,1,海洛因,0
375,毒品,1110215,桃園市桃園區,公路(省、縣、鄉、鎮道,    ,    ,1,安非他命,1.08
376,毒品,1110208,桃園市桃園區,旅社飯店客棧,    ,    ,3,安非他命,0
377,毒品,1110217,臺中市太平區,公路(省、縣、鄉、鎮道,    ,    ,1,卡西酮,106.1
378,毒品,1110219,新北市三重區,公路(省、縣、鄉、鎮道,    ,    ,1,甲基安非他命,1203.54
379,毒品,1110220,新北市三峽區,普通住宅(一、二層樓),    ,    ,1,安非他命,0
380,毒品,1110201,臺南市永康區,普通住宅(一、二層樓),    ,    ,1,安非他命,1.01
381,毒品,1110223,桃園市中壢區,透天厝,    ,    ,1,安非他命,0.88
381,毒品,1110223,桃園市中壢區,透天厝,    ,    ,1,海洛因,0.3
382,毒品,1110224,屏東縣內埔鄉,普通住宅(一、二層樓),    ,房間（起居室）,1,安非他命,0
383,毒品,1110211,桃園市中壢區,宿舍,    ,    ,1,安非他命,19.27
384,毒品,1110218,臺北市萬華區,公路(省、縣、鄉、鎮道,    ,    ,1,安非他命,0
385,毒品,1110224,臺北市萬華區,公路(省、縣、鄉、鎮道,    ,    ,1,安非他命,3.23
386,毒品,1110224,臺北市萬華區,公路(省、縣、鄉、鎮道,    ,    ,1,安非他命,0
387,毒品,1110105,臺北市萬華區,公寓(三至五層建築物),    ,    ,1,安非他命,0
388,毒品,1110207,高雄市新興區,公路(省、縣、鄉、鎮道,    ,    ,2,安非他命,0.16
389,毒品,1110214,屏東縣屏東市,普通住宅(一、二層樓),    ,    ,1,甲基安非他命,0
389,毒品,1110214,屏東縣屏東市,普通住宅(一、二層樓),    ,    ,1,海洛因,0
390,毒品,1110122,新北市土城區,公路(省、縣、鄉、鎮道,    ,街道馬路,1,安非他命,0
391,毒品,1110225,新北市土城區,公路(省、縣、鄉、鎮道,    ,街道馬路,1,安非他命,1.2
391,毒品,1110225,新北市土城區,公路(省、縣、鄉、鎮道,    ,街道馬路,1,海洛因,2.2
392,毒品,1110210,新北市樹林區,公路(省、縣、鄉、鎮道,    ,    ,1,海洛因,1.63
393,毒品,1110208,彰化縣田中鎮,普通住宅(一、二層樓),    ,    ,1,海洛因,0
394,毒品,1110108,苗栗縣造橋鄉,高速公路,    ,    ,1,安非他命,0
395,毒品,1110124,新北市三峽區,公寓(三至五層建築物),    ,    ,1,海洛因,0.59
396,毒品,1110223,臺北市中正區,公寓(三至五層建築物),    ,    ,1,K(愷)他命(含液態),33
397,毒品,1110205,臺北市中正區,市場(含夜市),    ,    ,1,安非他命,0
398,毒品,1110225,新北市汐止區,公路(省、縣、鄉、鎮道,    ,    ,1,甲基甲基安非他命,0.79
399,毒品,1110215,新北市汐止區,自助洗衣店,    ,    ,2,甲基甲基安非他命,0.26
400,毒品,1110102,臺東縣臺東市,公路(省、縣、鄉、鎮道,    ,    ,1,安非他命,0
401,毒品,1110217,臺北市萬華區,公路(省、縣、鄉、鎮道,    ,    ,1,"MDMA（快樂丸、搖頭丸、3,4-亞甲基雙氧甲基安非他命）",137.35
401,毒品,1110217,臺北市萬華區,公路(省、縣、鄉、鎮道,    ,    ,1,K(愷)他命(含液態),46.64
402,毒品,1110212,新北市三重區,公路(省、縣、鄉、鎮道,    ,    ,1,4-甲基甲基卡西酮(喵喵),46.64
403,毒品,1110215,臺中市大肚區,普通住宅(一、二層樓),    ,    ,2,安非他命,5.4
403,毒品,1110215,臺中市大肚區,普通住宅(一、二層樓),    ,    ,2,安非他命,8.67
404,毒品,1110223,高雄市路竹區,公寓(三至五層建築物),    ,    ,1,安非他命,0.95
404,毒品,1110223,高雄市路竹區,公寓(三至五層建築物),    ,    ,1,海洛因,3.25
405,毒品,1110102,基隆市仁愛區,普通住宅(一、二層樓),    ,    ,1,安非他命,0
406,毒品,1110115,基隆市仁愛區,普通住宅(一、二層樓),    ,    ,1,安非他命,0
407,毒品,1110216,臺中市北區,出租公寓（套房）,    ,    ,1,安非他命,10.66
408,毒品,1110228,臺南市善化區,公路(省、縣、鄉、鎮道,    ,    ,1,安非他命,25.49
409,毒品,1110118,新北市蘆洲區,普通住宅(一、二層樓),    ,    ,1,甲基安非他命,0
410,毒品,1110106,嘉義市西區,公路(省、縣、鄉、鎮道,    ,巷口(路口),1,安非他命,0
411,毒品,1110107,嘉義市西區,公路(省、縣、鄉、鎮道,    ,巷口(路口),1,安非他命,0
412,毒品,1110206,臺中市西屯區,公路(省、縣、鄉、鎮道,    ,    ,1,海洛因,2.2
413,毒品,1110213,南投縣埔里鎮,公路(省、縣、鄉、鎮道,    ,    ,1,安非他命,0.52
414,毒品,1110215,新竹縣湖口鄉,公寓(三至五層建築物),    ,    ,1,甲基安非他命,0.41
414,毒品,1110215,新竹縣湖口鄉,公寓(三至五層建築物),    ,    ,1,大麻（大麻花及大麻葉）,0.21
414,毒品,1110215,新竹縣湖口鄉,公寓(三至五層建築物),    ,    ,1,"3,4-亞甲基雙氧苯基乙基胺戊酮",0.66
415,毒品,1110106,桃園市蘆竹區,公路(省、縣、鄉、鎮道,    ,    ,1,安非他命,0
416,毒品,1110113,臺北市大同區,公寓(三至五層建築物),    ,    ,1,安非他命,0
416,毒品,1110113,臺北市大同區,公寓(三至五層建築物),    ,    ,1,"MDMA（快樂丸、搖頭丸、3,4-亞甲基雙氧甲基安非他命）",13.62
417,毒品,1110111,臺南市仁德區,普通住宅(一、二層樓),    ,    ,1,海洛因,0
418,毒品,1110125,花蓮縣花蓮市,獨立專門停車塔(場),    ,    ,1,K(愷)他命(含液態),1.93
418,毒品,1110125,花蓮縣花蓮市,獨立專門停車塔(場),    ,    ,1,安非他命,6.06
419,毒品,1110208,新竹縣竹北市,公路(省、縣、鄉、鎮道,    ,    ,1,安非他命,0.41
420,毒品,1110210,臺北市中山區,公路(省、縣、鄉、鎮道,    ,    ,1,大麻（大麻花及大麻葉）,41.74
421,毒品,1110131,新北市板橋區,公寓(三至五層建築物),    ,    ,1,甲基安非他命,0.16
422,毒品,1110215,花蓮縣吉安鄉,大廈(六層以上建築物),    ,    ,1,安非他命,1.68
423,毒品,1110202,花蓮縣吉安鄉,普通住宅(一、二層樓),    ,    ,1,安非他命,0
424,毒品,1110116,花蓮縣吉安鄉,大廈(六層以上建築物),    ,    ,1,安非他命,0
425,毒品,1110228,臺中市西屯區,公路(省、縣、鄉、鎮道,    ,    ,1,"MDMA（快樂丸、搖頭丸、3,4-亞甲基雙氧甲基安非他命）",19.3
426,毒品,1110207,臺北市大同區,公路(省、縣、鄉、鎮道,    ,街道馬路,1,安非他命,0.03
426,毒品,1110207,臺北市大同區,公路(省、縣、鄉、鎮道,    ,街道馬路,1,海洛因,0
427,毒品,1110207,臺北市大同區,公路(省、縣、鄉、鎮道,    ,街道馬路,1,安非他命,0
428,毒品,1110214,花蓮縣瑞穗鄉,便利商店,    ,    ,1,安非他命,0.29
428,毒品,1110214,花蓮縣瑞穗鄉,便利商店,    ,    ,1,安非他命,0.25
429,毒品,1110111,花蓮縣瑞穗鄉,普通住宅(一、二層樓),    ,    ,1,安非他命,0
430,毒品,1110208,新北市蘆洲區,汽車旅館,    ,    ,1,甲基安非他命,1.26
431,毒品,1110125,臺北市中山區,大廈(六層以上建築物),    ,    ,1,海洛因,0.5
431,毒品,1110125,臺北市中山區,大廈(六層以上建築物),    ,    ,1,安非他命,0.95
432,毒品,1110105,高雄市茄萣區,透天厝,    ,    ,1,安非他命,0
433,毒品,1110216,南投縣集集鎮,普通住宅(一、二層樓),    ,    ,1,安非他命,0.1
434,毒品,1110127,苗栗縣竹南鎮,普通住宅(一、二層樓),    ,    ,1,甲基安非他命,0.18
435,毒品,1110209,苗栗縣造橋鄉,公路(省、縣、鄉、鎮道,    ,    ,1,安非他命,44.31
435,毒品,1110209,苗栗縣造橋鄉,公路(省、縣、鄉、鎮道,    ,    ,1,K(愷)他命(含液態),0
436,毒品,1110110,桃園市楊梅區,普通住宅(一、二層樓),    ,    ,1,安非他命,0
437,毒品,1110104,嘉義縣民雄鄉,普通住宅(一、二層樓),    ,    ,1,安非他命,0
438,毒品,1110216,嘉義縣新港鄉,普通住宅(一、二層樓),    ,    ,1,海洛因,0.76
439,毒品,1110128,臺北市萬華區,公路(省、縣、鄉、鎮道,    ,    ,1,安非他命,0
440,毒品,1110210,南投縣草屯鎮,公路(省、縣、鄉、鎮道,    ,汽車上,1,海洛因,0.23
440,毒品,1110210,南投縣草屯鎮,公路(省、縣、鄉、鎮道,    ,汽車上,1,安非他命,0
441,毒品,1110209,嘉義縣新港鄉,公路(省、縣、鄉、鎮道,    ,    ,1,安非他命,2.09
442,毒品,1110217,高雄市燕巢區,公路(省、縣、鄉、鎮道,    ,    ,1,海洛因,0.48
443,毒品,1110120,新北市林口區,公寓(三至五層建築物),    ,    ,1,甲基安非他命,0
444,毒品,1110203,新北市新莊區,公路(省、縣、鄉、鎮道,    ,    ,1,甲基安非他命,0.8
445,毒品,1110112,高雄市楠梓區,公路(省、縣、鄉、鎮道,    ,    ,1,海洛因,0
446,毒品,1110122,高雄市楠梓區,公路(省、縣、鄉、鎮道,    ,    ,1,安非他命,0
447,毒品,1110214,新北市板橋區,便利商店,    ,    ,1,海洛因,1.4
448,毒品,1110112,高雄市左營區,公路(省、縣、鄉、鎮道,    ,    ,1,安非他命,0
449,毒品,1110122,彰化縣芳苑鄉,普通住宅(一、二層樓),    ,    ,1,安非他命,0
450,毒品,1110216,新北市中和區,公路(省、縣、鄉、鎮道,    ,    ,1,安非他命,11.81
451,毒品,1110211,新竹市東區,汽車旅館,    ,    ,1,安非他命,0.6
452,毒品,1110110,嘉義縣布袋鎮,普通住宅(一、二層樓),    ,    ,1,安非他命,0
453,毒品,1110109,嘉義縣義竹鄉,普通住宅(一、二層樓),    ,    ,1,安非他命,0
454,毒品,1110212,新竹縣竹東鎮,公路(省、縣、鄉、鎮道,    ,    ,1,安非他命,0.87
455,毒品,1110216,新北市蘆洲區,普通住宅(一、二層樓),    ,    ,1,海洛因,0.94
455,毒品,1110216,新北市蘆洲區,普通住宅(一、二層樓),    ,    ,1,甲基安非他命,6.75
456,毒品,1110210,臺北市大安區,KTV,    ,    ,1,大麻（大麻花及大麻葉）,0.75
457,毒品,1110222,新北市三重區,公寓(三至五層建築物),    ,    ,2,海洛因,2.3
457,毒品,1110222,新北市三重區,公寓(三至五層建築物),    ,    ,2,甲基安非他命,5.7
458,毒品,1110217,桃園市中壢區,公路(省、縣、鄉、鎮道,    ,    ,1,安非他命,15.96
459,毒品,1110210,臺北市中山區,公路(省、縣、鄉、鎮道,    ,    ,1,大麻（大麻花及大麻葉）,42.23
460,毒品,1110209,新北市三重區,公路(省、縣、鄉、鎮道,    ,    ,1,K(愷)他命(含液態),0.1
461,毒品,1110206,新北市三重區,公路(省、縣、鄉、鎮道,    ,    ,1,甲基安非他命,0
462,毒品,1110128,高雄市鹽埕區,公路(省、縣、鄉、鎮道,    ,    ,1,安非他命,1.1
463,毒品,1110126,桃園市八德區,大廈(六層以上建築物),    ,    ,1,安非他命,0
464,毒品,1110220,臺南市北區,公寓(三至五層建築物),    ,    ,1,海洛因,7.4
464,毒品,1110220,臺南市北區,公寓(三至五層建築物),    ,    ,1,安非他命,0.71
465,毒品,1110211,桃園市桃園區,公路(省、縣、鄉、鎮道,    ,    ,1,安非他命,1.19
466,毒品,1110215,臺南市永康區,公路(省、縣、鄉、鎮道,    ,    ,1,海洛因,0.01
467,毒品,1110216,南投縣南投市,公路(省、縣、鄉、鎮道,    ,    ,1,海洛因,0.1
468,毒品,1110114,高雄市鳳山區,透天厝,    ,    ,1,安非他命,0
469,毒品,1110102,桃園市桃園區,公路(省、縣、鄉、鎮道,    ,    ,1,安非他命,0
470,毒品,1110124,桃園市桃園區,旅社飯店客棧,    ,    ,1,安非他命,0.96
471,毒品,1110208,臺南市永康區,公路(省、縣、鄉、鎮道,    ,    ,1,安非他命,0.33
472,毒品,1110103,臺中市和平區,普通住宅(一、二層樓),    ,    ,1,海洛因,0
473,毒品,1110215,新北市板橋區,公路(省、縣、鄉、鎮道,    ,    ,1,甲基安非他命,2.2
474,毒品,1110212,新北市板橋區,公路(省、縣、鄉、鎮道,    ,    ,1,甲基安非他命,0.99
475,毒品,1110227,臺北市萬華區,公路(省、縣、鄉、鎮道,    ,    ,1,安非他命,25.4
476,毒品,1110206,新竹縣關西鎮,公路(省、縣、鄉、鎮道,    ,    ,1,安非他命,0.6
477,毒品,1110224,臺北市萬華區,公路(省、縣、鄉、鎮道,    ,    ,1,安非他命,0.2
477,毒品,1110224,臺北市萬華區,公路(省、縣、鄉、鎮道,    ,    ,1,安非他命,2.22
478,毒品,1110209,高雄市岡山區,普通住宅(一、二層樓),    ,    ,1,安非他命,0.32
478,毒品,1110209,高雄市岡山區,普通住宅(一、二層樓),    ,    ,1,安非他命,0.35
479,毒品,1110131,宜蘭縣羅東鎮,普通住宅(一、二層樓),    ,    ,1,甲基安非他命,0
480,毒品,1110214,新北市板橋區,大廈(六層以上建築物),    ,    ,1,安非他命,15.8
481,毒品,1110226,新竹市北區,公路(省、縣、鄉、鎮道,    ,    ,1,安非他命,0.57
482,毒品,1110212,臺南市永康區,大廈(六層以上建築物),    ,    ,1,海洛因,0
483,毒品,1110210,臺南市麻豆區,公路(省、縣、鄉、鎮道,    ,    ,1,安非他命,0.32
484,毒品,1110118,新北市中和區,公寓(三至五層建築物),    ,    ,1,安非他命,0
485,毒品,1110209,新竹市北區,普通住宅(一、二層樓),    ,    ,1,安非他命,0.3
485,毒品,1110209,新竹市北區,普通住宅(一、二層樓),    ,    ,1,安非他命,0.44
486,毒品,1110105,新竹市北區,大廈(六層以上建築物),    ,    ,1,4-甲基甲基卡西酮(喵喵),0
487,毒品,1110203,屏東縣內埔鄉,商店行號,    ,門口(出入口),1,海洛因,0.03
488,毒品,1110210,嘉義市西區,公路(省、縣、鄉、鎮道,    ,街道馬路,1,安非他命,0.7
489,毒品,1110209,嘉義市西區,公路(省、縣、鄉、鎮道,    ,街道馬路,1,安非他命,0.71
490,毒品,1110224,臺南市南區,公園,    ,    ,1,海洛因,0.19
491,毒品,1110110,桃園市觀音區,普通住宅(一、二層樓),    ,    ,1,安非他命,0
492,毒品,1110206,彰化縣彰化市,公路(省、縣、鄉、鎮道,    ,    ,1,海洛因,0.3
492,毒品,1110206,彰化縣彰化市,公路(省、縣、鄉、鎮道,    ,    ,1,安非他命,0.24
493,毒品,1110224,雲林縣斗南鎮,公路(省、縣、鄉、鎮道,    ,    ,2,安非他命,708.72
494,毒品,1110218,臺北市中山區,公路(省、縣、鄉、鎮道,    ,    ,1,安非他命,18.79
495,毒品,1110228,高雄市左營區,公路(省、縣、鄉、鎮道,    ,    ,1,海洛因,0.5
496,毒品,1110207,高雄市路竹區,公路(省、縣、鄉、鎮道,    ,街道馬路,1,海洛因,0.6
497,毒品,1110208,新北市板橋區,公路(省、縣、鄉、鎮道,    ,    ,1,甲基安非他命,2.1
498,毒品,1110204,新北市板橋區,公路(省、縣、鄉、鎮道,    ,    ,1,甲基安非他命,0.09
499,毒品,1110110,臺南市北區,公路(省、縣、鄉、鎮道,    ,    ,1,安非他命,0
